{"flutter":{"platforms":{"android":{"default":{"projectId":"story-king-94d54","appId":"1:278549662505:android:e4fceb17f83e2502b3c538","fileOutput":"android/app/google-services.json"}},"dart":{"lib/firebase_options.dart":{"projectId":"story-king-94d54","configurations":{"android":"1:278549662505:android:e4fceb17f83e2502b3c538","ios":"1:278549662505:ios:2409db82417a3b8ab3c538","macos":"1:278549662505:ios:2409db82417a3b8ab3c538","web":"1:278549662505:web:9b3c537adb998684b3c538","windows":"1:278549662505:web:b51539c48262e99bb3c538"}}}}}}